{
    "P0": {
        "mean_full_integrated_fractional_success": 0.003022872052265165,
        "std_full_integrated_fractional_success": 0.00034321952342392906,
        "mean_last_integrated_fractional_success": 0.0030202263815696786,
        "std_last_integrated_fractional_success": 0.0003294093434716275,
        "mean_last_fractional_success": 0.003023385929884654,
        "std_last_fractional_success": 0.0003467451973783205,
        "total_intervention_steps": 40,
        "total_interventions": 0,
        "total_timesteps": 19539,
        "total_resets": 39
    },
    "P1": {
        "mean_full_integrated_fractional_success": 0.003111247761102793,
        "std_full_integrated_fractional_success": 0.0006968777367655526,
        "mean_last_integrated_fractional_success": 0.0031051733401364955,
        "std_last_integrated_fractional_success": 0.0006671201334456144,
        "mean_last_fractional_success": 0.0031128078894829803,
        "std_last_fractional_success": 0.0007021263078084135,
        "total_intervention_steps": 80,
        "total_interventions": 80,
        "total_timesteps": 39579,
        "total_resets": 79
    },
    "P2": {
        "mean_full_integrated_fractional_success": 0.0029588466435312294,
        "std_full_integrated_fractional_success": 1.6196202229273835e-07,
        "mean_last_integrated_fractional_success": 0.002958755102763417,
        "std_last_integrated_fractional_success": 1.5501694759121585e-07,
        "mean_last_fractional_success": 0.002958676718602074,
        "std_last_fractional_success": 1.6604389967466175e-07,
        "total_intervention_steps": 120,
        "total_interventions": 160,
        "total_timesteps": 59619,
        "total_resets": 119
    },
    "P4": {
        "mean_full_integrated_fractional_success": 0.07247721022973488,
        "std_full_integrated_fractional_success": 0.10706924702156967,
        "mean_last_integrated_fractional_success": 0.06137901082356349,
        "std_last_integrated_fractional_success": 0.09353700850228977,
        "mean_last_fractional_success": 0.0621886019965054,
        "std_last_fractional_success": 0.0974400601879701,
        "total_intervention_steps": 160,
        "total_interventions": 240,
        "total_timesteps": 79659,
        "total_resets": 159
    },
    "P5": {
        "mean_full_integrated_fractional_success": 0.1828864519151006,
        "std_full_integrated_fractional_success": 0.1602804274281484,
        "mean_last_integrated_fractional_success": 0.17733882374505788,
        "std_last_integrated_fractional_success": 0.16161267578097452,
        "mean_last_fractional_success": 0.17708375463278964,
        "std_last_fractional_success": 0.16268125150171414,
        "total_intervention_steps": 200,
        "total_interventions": 280,
        "total_timesteps": 99699,
        "total_resets": 199
    },
    "P6": {
        "mean_full_integrated_fractional_success": 0.051087600232315136,
        "std_full_integrated_fractional_success": 0.10922464423542701,
        "mean_last_integrated_fractional_success": 0.0551987405526124,
        "std_last_integrated_fractional_success": 0.11209715586340512,
        "mean_last_fractional_success": 0.0566145345440777,
        "std_last_fractional_success": 0.11507146204254927,
        "total_intervention_steps": 240,
        "total_interventions": 400,
        "total_timesteps": 119739,
        "total_resets": 239
    },
    "P7": {
        "mean_full_integrated_fractional_success": 0.11007980321840856,
        "std_full_integrated_fractional_success": 0.1237257346708322,
        "mean_last_integrated_fractional_success": 0.10938140992900588,
        "std_last_integrated_fractional_success": 0.12313642431438902,
        "mean_last_fractional_success": 0.11032229778887317,
        "std_last_fractional_success": 0.12386235993252875,
        "total_intervention_steps": 280,
        "total_interventions": 520,
        "total_timesteps": 139779,
        "total_resets": 279
    },
    "P8": {
        "mean_full_integrated_fractional_success": 0.03758634206801406,
        "std_full_integrated_fractional_success": 0.08803329738502451,
        "mean_last_integrated_fractional_success": 0.0344170019955297,
        "std_last_integrated_fractional_success": 0.07952965187348132,
        "mean_last_fractional_success": 0.034716142401840865,
        "std_last_fractional_success": 0.0795970908345817,
        "total_intervention_steps": 320,
        "total_interventions": 640,
        "total_timesteps": 159819,
        "total_resets": 319
    },
    "P9": {
        "mean_full_integrated_fractional_success": 0.024693167855591818,
        "std_full_integrated_fractional_success": 0.0723511800643682,
        "mean_last_integrated_fractional_success": 0.023748411538866393,
        "std_last_integrated_fractional_success": 0.07175839103122768,
        "mean_last_fractional_success": 0.024389957549296726,
        "std_last_fractional_success": 0.07476442733771524,
        "total_intervention_steps": 387,
        "total_interventions": 841,
        "total_timesteps": 179859,
        "total_resets": 359
    },
    "P10": {
        "mean_full_integrated_fractional_success": 0.15413697677810584,
        "std_full_integrated_fractional_success": 0.1576327297825572,
        "mean_last_integrated_fractional_success": 0.14427844074964685,
        "std_last_integrated_fractional_success": 0.15341172761607835,
        "mean_last_fractional_success": 0.1451525224654074,
        "std_last_fractional_success": 0.15615031186502623,
        "total_intervention_steps": 427,
        "total_interventions": 1681,
        "total_timesteps": 199899,
        "total_resets": 399
    },
    "P11": {
        "mean_full_integrated_fractional_success": 0.08933657005825098,
        "std_full_integrated_fractional_success": 0.1297769533750472,
        "mean_last_integrated_fractional_success": 0.08651321959914988,
        "std_last_integrated_fractional_success": 0.12451527587037695,
        "mean_last_fractional_success": 0.08937705303376507,
        "std_last_fractional_success": 0.13006600598620427,
        "total_intervention_steps": 467,
        "total_interventions": 2521,
        "total_timesteps": 219939,
        "total_resets": 439
    }
}